{"Xã, phường, thị trấn Gia Lai":[{"category":"Xã, phường thuộc thành phố Pleiku"},{"link":"https:\/\/vi.wikipedia.org\/wiki\/Th%E1%BB%83_lo%E1%BA%A1i:X%C3%A3,_ph%C6%B0%E1%BB%9Dng_thu%E1%BB%99c_th%C3%A0nh_ph%E1%BB%91_Pleiku"},{"category":"Xã, phường thuộc thị xã An Khê"},{"link":"https:\/\/vi.wikipedia.org\/wiki\/Th%E1%BB%83_lo%E1%BA%A1i:X%C3%A3,_ph%C6%B0%E1%BB%9Dng_thu%E1%BB%99c_th%E1%BB%8B_x%C3%A3_An_Kh%C3%AA"},{"category":"Xã, phường thuộc thị xã Ayun Pa"},{"link":"https:\/\/vi.wikipedia.org\/wiki\/Th%E1%BB%83_lo%E1%BA%A1i:X%C3%A3,_ph%C6%B0%E1%BB%9Dng_thu%E1%BB%99c_th%E1%BB%8B_x%C3%A3_Ayun_Pa"},{"category":"Xã, thị trấn thuộc huyện Chư Păh"},{"link":"https:\/\/vi.wikipedia.org\/wiki\/Th%E1%BB%83_lo%E1%BA%A1i:X%C3%A3,_th%E1%BB%8B_tr%E1%BA%A5n_thu%E1%BB%99c_huy%E1%BB%87n_Ch%C6%B0_P%C4%83h"},{"category":"Xã, thị trấn thuộc huyện Chư Prông"},{"link":"https:\/\/vi.wikipedia.org\/wiki\/Th%E1%BB%83_lo%E1%BA%A1i:X%C3%A3,_th%E1%BB%8B_tr%E1%BA%A5n_thu%E1%BB%99c_huy%E1%BB%87n_Ch%C6%B0_Pr%C3%B4ng"},{"category":"Xã, thị trấn thuộc huyện Chư Pưh"},{"link":"https:\/\/vi.wikipedia.org\/wiki\/Th%E1%BB%83_lo%E1%BA%A1i:X%C3%A3,_th%E1%BB%8B_tr%E1%BA%A5n_thu%E1%BB%99c_huy%E1%BB%87n_Ch%C6%B0_P%C6%B0h"},{"category":"Xã, thị trấn thuộc huyện Chư Sê"},{"link":"https:\/\/vi.wikipedia.org\/wiki\/Th%E1%BB%83_lo%E1%BA%A1i:X%C3%A3,_th%E1%BB%8B_tr%E1%BA%A5n_thu%E1%BB%99c_huy%E1%BB%87n_Ch%C6%B0_S%C3%AA"},{"category":"Xã, thị trấn thuộc huyện Đak Đoa"},{"link":"https:\/\/vi.wikipedia.org\/wiki\/Th%E1%BB%83_lo%E1%BA%A1i:X%C3%A3,_th%E1%BB%8B_tr%E1%BA%A5n_thu%E1%BB%99c_huy%E1%BB%87n_%C4%90ak_%C4%90oa"},{"category":"Xã, thị trấn thuộc huyện Đak Pơ"},{"link":"https:\/\/vi.wikipedia.org\/wiki\/Th%E1%BB%83_lo%E1%BA%A1i:X%C3%A3,_th%E1%BB%8B_tr%E1%BA%A5n_thu%E1%BB%99c_huy%E1%BB%87n_%C4%90ak_P%C6%A1"},{"category":"Xã, thị trấn thuộc huyện Đức Cơ"},{"link":"https:\/\/vi.wikipedia.org\/wiki\/Th%E1%BB%83_lo%E1%BA%A1i:X%C3%A3,_th%E1%BB%8B_tr%E1%BA%A5n_thu%E1%BB%99c_huy%E1%BB%87n_%C4%90%E1%BB%A9c_C%C6%A1"},{"category":"Xã, thị trấn thuộc huyện Ia Grai"},{"link":"https:\/\/vi.wikipedia.org\/wiki\/Th%E1%BB%83_lo%E1%BA%A1i:X%C3%A3,_th%E1%BB%8B_tr%E1%BA%A5n_thu%E1%BB%99c_huy%E1%BB%87n_Ia_Grai"},{"category":"Xã, thị trấn thuộc huyện Ia Pa"},{"link":"https:\/\/vi.wikipedia.org\/wiki\/Th%E1%BB%83_lo%E1%BA%A1i:X%C3%A3,_th%E1%BB%8B_tr%E1%BA%A5n_thu%E1%BB%99c_huy%E1%BB%87n_Ia_Pa"},{"category":"Xã, thị trấn thuộc huyện Kbang"},{"link":"https:\/\/vi.wikipedia.org\/wiki\/Th%E1%BB%83_lo%E1%BA%A1i:X%C3%A3,_th%E1%BB%8B_tr%E1%BA%A5n_thu%E1%BB%99c_huy%E1%BB%87n_Kbang"},{"category":"Xã, thị trấn thuộc huyện Kông Chro"},{"link":"https:\/\/vi.wikipedia.org\/wiki\/Th%E1%BB%83_lo%E1%BA%A1i:X%C3%A3,_th%E1%BB%8B_tr%E1%BA%A5n_thu%E1%BB%99c_huy%E1%BB%87n_K%C3%B4ng_Chro"},{"category":"Xã, thị trấn thuộc huyện Krông Pa"},{"link":"https:\/\/vi.wikipedia.org\/wiki\/Th%E1%BB%83_lo%E1%BA%A1i:X%C3%A3,_th%E1%BB%8B_tr%E1%BA%A5n_thu%E1%BB%99c_huy%E1%BB%87n_Kr%C3%B4ng_Pa"},{"category":"Xã, thị trấn thuộc huyện Mang Yang"},{"link":"https:\/\/vi.wikipedia.org\/wiki\/Th%E1%BB%83_lo%E1%BA%A1i:X%C3%A3,_th%E1%BB%8B_tr%E1%BA%A5n_thu%E1%BB%99c_huy%E1%BB%87n_Mang_Yang"},{"category":"Xã, thị trấn thuộc huyện Phú Thiện"},{"link":"https:\/\/vi.wikipedia.org\/wiki\/Th%E1%BB%83_lo%E1%BA%A1i:X%C3%A3,_th%E1%BB%8B_tr%E1%BA%A5n_thu%E1%BB%99c_huy%E1%BB%87n_Ph%C3%BA_Thi%E1%BB%87n"}]}