{"151348":["{{maplink|frame=yes|plain=yes|type=shape|frame-width=280|frame-align=center|stroke-width=3}}","{{url|phongtho.laichau.gov.vn}}","{{Thông tin đơn vị hành chính Việt Nam | huyện\n| tên = Phong Thổ\n| hình = Lả Nhì Thàng, Phong Thổ, Lai Châu, Vietnam - panoramio.jpg\n| ghi chú hình = Phong cảnh ở [[Lản Nhì Thàng]] lúc hoàng hôn\n| vĩ độ = 22\n| kinh độ = 103\n| vĩ phút = 31\n| vĩ giây = 0\n| kinh phút = 19\n| kinh giây = 53\n| bản đồ 1 = {{maplink|frame=yes|plain=yes|type=shape|frame-width=280|frame-align=center|stroke-width=3}}\n| vùng = [[Tây Bắc Bộ]]\n| tỉnh = [[Lai Châu]]\n| huyện lỵ = Thị trấn [[Phong Thổ (thị trấn)|Phong Thổ]]\n| diện tích = 1.034,60 km²\n| phân chia hành chính = 1 thị trấn, 16 xã\n| dân số = 73.210 người\n| mật độ dân số = 71 người/km²\n| thời điểm dân số = 2018\n| mã hành chính = 109<ref>[https://danhmuchanhchinh.gso.gov.vn/ Tổng cục Thống kê]<\/ref>\n| dân tộc = \n| điện thoại = \n| fax = \n| web = {{url|phongtho.laichau.gov.vn}}\n|biển số xe=25-F1}}","{{Chú thích web|url=https://thuvienphapluat.vn/van-ban/Bo-may-hanh-chinh/Sac-lenh-231-SL-dieu-chinh-dia-gioi-Lao-cai-Yen-bai-36760.aspx|tựa đề=Sắc lệnh số 231/SL về việc điều chỉnh địa giới 2 tỉnh Lào Cai và Yên Bái}}","{{Chú thích web|url=https://thuvienphapluat.vn/van-ban/Bo-may-hanh-chinh/Nghi-Quyet-doi-ten-khu-tu-tri-Thai-Meo-va-thanh-lap-ba-tinh-trong-khu-tu-tri-Thai-Meo-42696.aspx|tựa đề=Nghị quyết về việc đổi tên khu tự trị Thái Mèo và thành lập ba tỉnh trong khu tự trị Thái Mèo do Quốc hội ban hành}}","{{Chú thích web|url=https://thuvienphapluat.vn/van-ban/Doanh-nghiep/Nghi-dinh-52-CP-dieu-chinh-dia-gioi-hanh-chinh-xa-phuong-thi-tran-thuoc-huyen-Tuan-Giao-Dien-Bien-Phong-Tho-Muong-Lay-va-thi-xa-Dien-Bien-Phu-Lai-Chau-40677.aspx|title=Nghị định số 52-CP năm 1997 về việc điều chỉnh địa giới hành chính một số xã, phường, thị trấn thuộc các huyện Tuần Giáo, Điện Biên, Phong Thổ, Mường Lay và thị xã Điện Biên Phủ, tỉnh Lai Châu|tác giả=|họ=|tên=|ngày=|website=|url lưu trữ=|ngày lưu trữ=|url hỏng=|ngày truy cập=}}","{{Chú thích web|url=https://thuvienphapluat.vn/van-ban/Bat-dong-san/Nghi-dinh-08-2002-ND-CP-dieu-chinh-dia-gioi-hanh-chinh-huyen-Muong-Te-Muong-Lay-thanh-lap-Muong-Nhe-chia-tach-Phong-Tho-lap-Tam-Duong-tinh-Lai-Chau-7316.aspx|tựa đề=Nghị định số 08/2002/NĐ-CP về việc điều chỉnh địa giới hành chính huyện Mường Tè, huyện Mường Lay để thành lập huyện Mường Nhé và chia tách huyện Phong Thổ để thành lập huyện Tam Đường, tỉnh Lai Châu|tác giả=|họ=|tên=|ngày=|website=|url lưu trữ=|ngày lưu trữ=|url hỏng=|ngày truy cập=}}","{{Chú thích web|url=https://thuvienphapluat.vn/van-ban/bo-may-hanh-chinh/Nghi-quyet-22-2003-QH11-chia-va-dieu-chinh-dia-gioi-hanh-chinh-tinh-51694.aspx|tựa đề=Nghị quyết số 22/2003/QH11 về việc chia và điều chỉnh địa giới hành chính một số tỉnh do Quốc hội ban hành|tác giả=|họ=|tên=|ngày=|website=|url lưu trữ=|ngày lưu trữ=|url hỏng=|ngày truy cập=}}","{{Chú thích web|url=https://thuvienphapluat.vn/van-ban/bat-dong-san/Nghi-dinh-176-2004-ND-CP-thanh-lap-thi-xa-Lai-Chau-va-thanh-lap-thi-tran-thuoc-cac-huyen-Tam-Duong-Phong-Tho-tinh-Lai-Chau-5530.aspx|tựa đề=Nghị định số 176/2004/NĐ-CP về việc thành lập thị xã Lai Châu và thành lập thị trấn thuộc các huyện Tam Đường, Phong Thổ, tỉnh Lai Châu|tác giả=|họ=|tên=|ngày=|website=|url lưu trữ=|ngày lưu trữ=|url hỏng=|ngày truy cập=}}","{{Chú thích web|url=https://thuvienphapluat.vn/van-ban/bat-dong-san/Nghi-dinh-156-2006-ND-CP-dieu-chinh-dia-gioi-hanh-chinh-xa-huyen-thanh-lap-xa-thuoc-cac-huyen-Phong-Tho-Tam-Duong-Sin-Ho-va-Than-Uyen-Lai-Chau-16104.aspx|tựa đề=Nghị định số 156/2006/NĐ-CP về việc điều chỉnh địa giới hành chính xã, huyện; thành lập xã thuộc các huyện Than Uyên, Than Uyên, Sìn Hồ và Than Uyên, tỉnh Lai Châu|tác giả=|họ=|tên=|ngày=|website=|url lưu trữ=|ngày lưu trữ=|url hỏng=|ngày truy cập=}}","{{Chú thích web|url=https://thuvienphapluat.vn/van-ban/Bo-may-hanh-chinh/Nghi-quyet-866-NQ-UBTVQH14-2020-sap-xep-cac-don-vi-hanh-chinh-cap-huyen-cap-xa-thuoc-tinh-Lai-Chau-434044.aspx|tựa đề=Nghị quyết số 866/NQ-UBTVQH14 năm 2020 về việc sắp xếp các đơn vị hành chính cấp huyện, cấp xã thuộc tỉnh Lai Châu|tác giả=|họ=|tên=|ngày=|website=|url lưu trữ=|ngày lưu trữ=|url hỏng=|ngày truy cập=}}","{{tham khảo |colwidth= 25em}}","{{Commonscat|Phong Tho District}}","{{sơ khai Lai Châu}}","{{Huyện thị Lai Châu}}","{{Đơn vị hành chính thuộc huyện Phong Thổ}}"]}